{"bend_arms": {"min": [0.0, 164.98992, 23.3344, 0.0, 184.37951999999999, 87.82464, 0.0, 215.34, 47.65952, 960.0, 174.87296, 52.9608], "max": [0.0, 418.8048, 337.07968, 0.0, 496.05952, 228.47232, 0.0, 472.83984000000004, 282.99456, 960.0, 419.63327999999996, 224.41487999999998]}, "squat": {"min": [1280.0, 201.72, 207.97951999999998, 960.0, 183.67999999999998, 146.80848, 1280.0, 184.82976000000002, 325.33439999999996, 960.0, 227.96607999999998, 243.35616], "max": [1280.0, 361.46976, 363.24992000000003, 960.0, 405.89951999999994, 259.69104000000004, 1280.0, 365.55984, 483.10975999999994, 960.0, 476.19328, 358.59744]}, "correct": {"min": [0.0, 121.09487999999999, 49.9744, 0.0, 95.62624, 38.59104, 0.0, 188.72976, 101.6, 960.0, 133.6864, 74.24592000000001, 1280.0, 183.02975999999998, 209.87456000000003, 960.0, 162.91328, 150.35232000000002, 1280.0, 152.60976000000002, 285.73951999999997, 960.0, 178.12608, 212.11488], "max": [1280.0, 477.12, 332.96, 960.0, 636.16, 272.14848, 1280.0, 469.46976, 354.37952, 960.0, 519.6864, 240.10848, 1280.0, 428.61456000000004, 458.02495999999996, 960.0, 525.81312, 311.91744, 1280.0, 389.7648, 521.36448, 960.0, 519.6864, 382.31615999999997]}}